{
  "img_size": 256,
  "sep_model": false,
  "encoder_channels": 64,
  "encoder_blocks": 3,
  "decoder_channels": 64,
  "decoder_blocks": 1,
  "discriminator_channels": 64,
  "discriminator_blocks": 3,
  "watermark_length": 128,
  "epochs": 300,
  "batch_size": 8,
  "lr": 2e-2,
  "manipulation_mode": "common",
  "manipulation_layers": [
    "Combined([Identity(),Jpeg(50),JpegMask(50)])"
  ],
  "encoder_weight": 1,
  "decoder_weight": 12,
  "discriminator_weight": 0.01,
  "img_path": "/root/autodl-tmp/dataset/wo-sub",
  "wm_path": "./watermark_data/celeba_hq",
  "weight_path": "./weights/256_128",
  "do_validation": true,
  "save_img_nums": 2,
  "is_continue": false,
  "current_epoch": 0
}
