{
  "img_size": 256,
  "sep_model": true,
  "encoder_channels": 64,
  "encoder_blocks": 3,
  "decoder_channels": 64,
  "decoder_blocks": 1,
  "discriminator_channels": 64,
  "discriminator_blocks": 3,
  "watermark_length": 128,
  "epochs": 50,
  "batch_size": 8,
  "lr": 4e-5,
  "manipulation_mode": "deepfake",
  "do_sim_swap": true,
  "encoder_weight": 10,
  "decoder_weight": 1,
  "generative_weight": 5,
  "discriminator_weight": 0.05,
  "img_path": "/root/autodl-tmp/dataset/wo-sub",
  "wm_path": "./watermark_data/celeba_hq",
  "weight_path": "./weights/256_128",
  "do_validation": true,
  "save_img_nums": 2,
  "is_continue": false,
  "epoch": 56
}
